country,alpha_2_code,alpha_3_code,numeric_code,indicator,time_period,obs_value,sex,unit_multiplier,unit_of_measure,observation_status,observation_confidentaility,time_period_activity_related_to_when_the_data_are_collected,current_age
Afghanistan,AF,AFG,4,Per cent of young people (aged 15-24 years) who know a place to get tested for HIV,2015,8.5,Female,Units,%,Reported,Free,End of fieldwork,15 to 24 years old
Afghanistan,AF,AFG,4,Per cent of young people (aged 15-24 years) who know a place to get tested for HIV,2015,27,Male,Units,%,Reported,Free,End of fieldwork,15 to 24 years old
Albania,AL,ALB,8,Per cent of young people (aged 15-24 years) who know a place to get tested for HIV,2018,26.5,Female,Units,%,Reported,Free,End of fieldwork,15 to 24 years old
Albania,AL,ALB,8,Per cent of young people (aged 15-24 years) who know a place to get tested for HIV,2009,37.299999,Male,Units,%,Reported,Free,End of fieldwork,15 to 24 years old
Albania,AL,ALB,8,Per cent of young people (aged 15-24 years) who know a place to get tested for HIV,2018,22.5,Male,Units,%,Reported,Free,End of fieldwork,15 to 24 years old
Angola,AO,AGO,24,Per cent of young people (aged 15-24 years) who know a place to get tested for HIV,2016,64.900002,Female,Units,%,Reported,Free,End of fieldwork,15 to 24 years old
Angola,AO,AGO,24,Per cent of young people (aged 15-24 years) who know a place to get tested for HIV,2016,59.700001,Male,Units,%,Reported,Free,End of fieldwork,15 to 24 years old
Armenia,AM,ARM,51,Per cent of young people (aged 15-24 years) who know a place to get tested for HIV,2000,37.299999,Female,Units,%,Reported,Free,End of fieldwork,15 to 24 years old
Armenia,AM,ARM,51,Per cent of young people (aged 15-24 years) who know a place to get tested for HIV,2005,39.900002,Female,Units,%,Reported,Free,End of fieldwork,15 to 24 years old
Armenia,AM,ARM,51,Per cent of young people (aged 15-24 years) who know a place to get tested for HIV,2010,34.299999,Female,Units,%,Reported,Free,End of fieldwork,15 to 24 years old
Armenia,AM,ARM,51,Per cent of young people (aged 15-24 years) who know a place to get tested for HIV,2016,35.599998,Female,Units,%,Reported,Free,End of fieldwork,15 to 24 years old
Armenia,AM,ARM,51,Per cent of young people (aged 15-24 years) who know a place to get tested for HIV,2000,30.5,Male,Units,%,Reported,Free,End of fieldwork,15 to 24 years old
Armenia,AM,ARM,51,Per cent of young people (aged 15-24 years) who know a place to get tested for HIV,2005,31.4,Male,Units,%,Reported,Free,End of fieldwork,15 to 24 years old
Armenia,AM,ARM,51,Per cent of young people (aged 15-24 years) who know a place to get tested for HIV,2010,24.799999,Male,Units,%,Reported,Free,End of fieldwork,15 to 24 years old
Armenia,AM,ARM,51,Per cent of young people (aged 15-24 years) who know a place to get tested for HIV,2016,31.9,Male,Units,%,Reported,Free,End of fieldwork,15 to 24 years old
Azerbaijan,AZ,AZE,31,Per cent of young people (aged 15-24 years) who know a place to get tested for HIV,2006,27.700001,Female,Units,%,Reported,Free,End of fieldwork,15 to 24 years old
Azerbaijan,AZ,AZE,31,Per cent of young people (aged 15-24 years) who know a place to get tested for HIV,2006,22.4,Male,Units,%,Reported,Free,End of fieldwork,15 to 24 years old
Benin,BJ,BEN,204,Per cent of young people (aged 15-24 years) who know a place to get tested for HIV,2001,18.6,Female,Units,%,Reported,Free,End of fieldwork,15 to 24 years old
Benin,BJ,BEN,204,Per cent of young people (aged 15-24 years) who know a place to get tested for HIV,2006,39.299999,Female,Units,%,Reported,Free,End of fieldwork,15 to 24 years old
Benin,BJ,BEN,204,Per cent of young people (aged 15-24 years) who know a place to get tested for HIV,2012,52.200001,Female,Units,%,Reported,Free,End of fieldwork,15 to 24 years old
Benin,BJ,BEN,204,Per cent of young people (aged 15-24 years) who know a place to get tested for HIV,2018,45.099998,Female,Units,%,Reported,Free,End of fieldwork,15 to 24 years old
Benin,BJ,BEN,204,Per cent of young people (aged 15-24 years) who know a place to get tested for HIV,2001,34.400002,Male,Units,%,Reported,Free,End of fieldwork,15 to 24 years old
Benin,BJ,BEN,204,Per cent of young people (aged 15-24 years) who know a place to get tested for HIV,2006,45.200001,Male,Units,%,Reported,Free,End of fieldwork,15 to 24 years old
Benin,BJ,BEN,204,Per cent of young people (aged 15-24 years) who know a place to get tested for HIV,2012,49.099998,Male,Units,%,Reported,Free,End of fieldwork,15 to 24 years old
Benin,BJ,BEN,204,Per cent of young people (aged 15-24 years) who know a place to get tested for HIV,2018,43.099998,Male,Units,%,Reported,Free,End of fieldwork,15 to 24 years old
"Bolivia, Plurinational State of",BO,BOL,68,Per cent of young people (aged 15-24 years) who know a place to get tested for HIV,2008,36.400002,Female,Units,%,Reported,Free,End of fieldwork,15 to 24 years old
Bolivia,BO,BOL,68,Per cent of young people (aged 15-24 years) who know a place to get tested for HIV,2008,36.400002,Female,Units,%,Reported,Free,End of fieldwork,15 to 24 years old
"Bolivia, Plurinational State of",BO,BOL,68,Per cent of young people (aged 15-24 years) who know a place to get tested for HIV,2003,39.5,Male,Units,%,Reported,Free,End of fieldwork,15 to 24 years old
Bolivia,BO,BOL,68,Per cent of young people (aged 15-24 years) who know a place to get tested for HIV,2003,39.5,Male,Units,%,Reported,Free,End of fieldwork,15 to 24 years old
"Bolivia, Plurinational State of",BO,BOL,68,Per cent of young people (aged 15-24 years) who know a place to get tested for HIV,2008,39.700001,Male,Units,%,Reported,Free,End of fieldwork,15 to 24 years old
Bolivia,BO,BOL,68,Per cent of young people (aged 15-24 years) who know a place to get tested for HIV,2008,39.700001,Male,Units,%,Reported,Free,End of fieldwork,15 to 24 years old
Burkina Faso,BF,BFA,854,Per cent of young people (aged 15-24 years) who know a place to get tested for HIV,2010,69.5,Female,Units,%,Reported,Free,End of fieldwork,15 to 24 years old
Burkina Faso,BF,BFA,854,Per cent of young people (aged 15-24 years) who know a place to get tested for HIV,2003,30.799999,Male,Units,%,Reported,Free,End of fieldwork,15 to 24 years old
Burkina Faso,BF,BFA,854,Per cent of young people (aged 15-24 years) who know a place to get tested for HIV,2010,61.5,Male,Units,%,Reported,Free,End of fieldwork,15 to 24 years old
Burundi,BI,BDI,108,Per cent of young people (aged 15-24 years) who know a place to get tested for HIV,2010,80.5,Female,Units,%,Reported,Free,End of fieldwork,15 to 24 years old
Burundi,BI,BDI,108,Per cent of young people (aged 15-24 years) who know a place to get tested for HIV,2017,79.900002,Female,Units,%,Reported,Free,End of fieldwork,15 to 24 years old
Burundi,BI,BDI,108,Per cent of young people (aged 15-24 years) who know a place to get tested for HIV,2010,77.400002,Male,Units,%,Reported,Free,End of fieldwork,15 to 24 years old
Burundi,BI,BDI,108,Per cent of young people (aged 15-24 years) who know a place to get tested for HIV,2017,77.5,Male,Units,%,Reported,Free,End of fieldwork,15 to 24 years old
Cambodia,KH,KHM,116,Per cent of young people (aged 15-24 years) who know a place to get tested for HIV,2000,15.9,Female,Units,%,Reported,Free,End of fieldwork,15 to 24 years old
Cambodia,KH,KHM,116,Per cent of young people (aged 15-24 years) who know a place to get tested for HIV,2005,46.200001,Female,Units,%,Reported,Free,End of fieldwork,15 to 24 years old
Cambodia,KH,KHM,116,Per cent of young people (aged 15-24 years) who know a place to get tested for HIV,2010,71.199997,Female,Units,%,Reported,Free,End of fieldwork,15 to 24 years old
Cambodia,KH,KHM,116,Per cent of young people (aged 15-24 years) who know a place to get tested for HIV,2014,76.400002,Female,Units,%,Reported,Free,End of fieldwork,15 to 24 years old
Cambodia,KH,KHM,116,Per cent of young people (aged 15-24 years) who know a place to get tested for HIV,2010,65.599998,Male,Units,%,Reported,Free,End of fieldwork,15 to 24 years old
Cambodia,KH,KHM,116,Per cent of young people (aged 15-24 years) who know a place to get tested for HIV,2014,70.800003,Male,Units,%,Reported,Free,End of fieldwork,15 to 24 years old
Cameroon,CM,CMR,120,Per cent of young people (aged 15-24 years) who know a place to get tested for HIV,2004,17,Female,Units,%,Reported,Free,End of fieldwork,15 to 24 years old
Cameroon,CM,CMR,120,Per cent of young people (aged 15-24 years) who know a place to get tested for HIV,2011,81.5,Female,Units,%,Reported,Free,End of fieldwork,15 to 24 years old
Cameroon,CM,CMR,120,Per cent of young people (aged 15-24 years) who know a place to get tested for HIV,2018,83.699997,Female,Units,%,Reported,Free,End of fieldwork,15 to 24 years old
Cameroon,CM,CMR,120,Per cent of young people (aged 15-24 years) who know a place to get tested for HIV,2004,8.1000004,Male,Units,%,Reported,Free,End of fieldwork,15 to 24 years old
Cameroon,CM,CMR,120,Per cent of young people (aged 15-24 years) who know a place to get tested for HIV,2011,83.400002,Male,Units,%,Reported,Free,End of fieldwork,15 to 24 years old
Cameroon,CM,CMR,120,Per cent of young people (aged 15-24 years) who know a place to get tested for HIV,2018,80.300003,Male,Units,%,Reported,Free,End of fieldwork,15 to 24 years old
Chad,TD,TCD,148,Per cent of young people (aged 15-24 years) who know a place to get tested for HIV,2004,13.8,Female,Units,%,Reported,Free,End of fieldwork,15 to 24 years old
Chad,TD,TCD,148,Per cent of young people (aged 15-24 years) who know a place to get tested for HIV,2015,38,Female,Units,%,Reported,Free,End of fieldwork,15 to 24 years old
Chad,TD,TCD,148,Per cent of young people (aged 15-24 years) who know a place to get tested for HIV,2004,29,Male,Units,%,Reported,Free,End of fieldwork,15 to 24 years old
Chad,TD,TCD,148,Per cent of young people (aged 15-24 years) who know a place to get tested for HIV,2015,44.599998,Male,Units,%,Reported,Free,End of fieldwork,15 to 24 years old
Colombia,CO,COL,170,Per cent of young people (aged 15-24 years) who know a place to get tested for HIV,2000,69,Female,Units,%,Reported,Free,End of fieldwork,15 to 24 years old
Colombia,CO,COL,170,Per cent of young people (aged 15-24 years) who know a place to get tested for HIV,2005,60.599998,Female,Units,%,Reported,Free,End of fieldwork,15 to 24 years old
Colombia,CO,COL,170,Per cent of young people (aged 15-24 years) who know a place to get tested for HIV,2010,74.400002,Female,Units,%,Reported,Free,End of fieldwork,15 to 24 years old
Colombia,CO,COL,170,Per cent of young people (aged 15-24 years) who know a place to get tested for HIV,2015,75.900002,Female,Units,%,Reported,Free,End of fieldwork,15 to 24 years old
Colombia,CO,COL,170,Per cent of young people (aged 15-24 years) who know a place to get tested for HIV,2015,63.200001,Male,Units,%,Reported,Free,End of fieldwork,15 to 24 years old
Comoros,KM,COM,174,Per cent of young people (aged 15-24 years) who know a place to get tested for HIV,2012,26.5,Female,Units,%,Reported,Free,End of fieldwork,15 to 24 years old
Comoros,KM,COM,174,Per cent of young people (aged 15-24 years) who know a place to get tested for HIV,2012,39.599998,Male,Units,%,Reported,Free,End of fieldwork,15 to 24 years old
Congo,CG,COG,178,Per cent of young people (aged 15-24 years) who know a place to get tested for HIV,2005,42.200001,Female,Units,%,Reported,Free,End of fieldwork,15 to 24 years old
Congo,CG,COG,178,Per cent of young people (aged 15-24 years) who know a place to get tested for HIV,2009,54.799999,Female,Units,%,Reported,Free,End of fieldwork,15 to 24 years old
Congo,CG,COG,178,Per cent of young people (aged 15-24 years) who know a place to get tested for HIV,2012,67.5,Female,Units,%,Reported,Free,End of fieldwork,15 to 24 years old
Congo,CG,COG,178,Per cent of young people (aged 15-24 years) who know a place to get tested for HIV,2005,47.900002,Male,Units,%,Reported,Free,End of fieldwork,15 to 24 years old
Congo,CG,COG,178,Per cent of young people (aged 15-24 years) who know a place to get tested for HIV,2009,55.099998,Male,Units,%,Reported,Free,End of fieldwork,15 to 24 years old
Congo,CG,COG,178,Per cent of young people (aged 15-24 years) who know a place to get tested for HIV,2012,74.800003,Male,Units,%,Reported,Free,End of fieldwork,15 to 24 years old
C么te d'Ivoire,CI,CIV,384,Per cent of young people (aged 15-24 years) who know a place to get tested for HIV,2005,32.900002,Female,Units,%,Reported,Free,End of fieldwork,15 to 24 years old
Ivory Coast,CI,CIV,384,Per cent of young people (aged 15-24 years) who know a place to get tested for HIV,2005,32.900002,Female,Units,%,Reported,Free,End of fieldwork,15 to 24 years old
C么te d'Ivoire,CI,CIV,384,Per cent of young people (aged 15-24 years) who know a place to get tested for HIV,2012,59.099998,Female,Units,%,Reported,Free,End of fieldwork,15 to 24 years old
Ivory Coast,CI,CIV,384,Per cent of young people (aged 15-24 years) who know a place to get tested for HIV,2012,59.099998,Female,Units,%,Reported,Free,End of fieldwork,15 to 24 years old
C么te d'Ivoire,CI,CIV,384,Per cent of young people (aged 15-24 years) who know a place to get tested for HIV,2005,44.700001,Male,Units,%,Reported,Free,End of fieldwork,15 to 24 years old
Ivory Coast,CI,CIV,384,Per cent of young people (aged 15-24 years) who know a place to get tested for HIV,2005,44.700001,Male,Units,%,Reported,Free,End of fieldwork,15 to 24 years old
C么te d'Ivoire,CI,CIV,384,Per cent of young people (aged 15-24 years) who know a place to get tested for HIV,2012,53.5,Male,Units,%,Reported,Free,End of fieldwork,15 to 24 years old
Ivory Coast,CI,CIV,384,Per cent of young people (aged 15-24 years) who know a place to get tested for HIV,2012,53.5,Male,Units,%,Reported,Free,End of fieldwork,15 to 24 years old
"Congo, the Democratic Republic of the",CD,COD,180,Per cent of young people (aged 15-24 years) who know a place to get tested for HIV,2007,34.200001,Female,Units,%,Reported,Free,End of fieldwork,15 to 24 years old
"Congo, the Democratic Republic of the",CD,COD,180,Per cent of young people (aged 15-24 years) who know a place to get tested for HIV,2014,47.700001,Female,Units,%,Reported,Free,End of fieldwork,15 to 24 years old
"Congo, the Democratic Republic of the",CD,COD,180,Per cent of young people (aged 15-24 years) who know a place to get tested for HIV,2007,40.099998,Male,Units,%,Reported,Free,End of fieldwork,15 to 24 years old
"Congo, the Democratic Republic of the",CD,COD,180,Per cent of young people (aged 15-24 years) who know a place to get tested for HIV,2014,53.599998,Male,Units,%,Reported,Free,End of fieldwork,15 to 24 years old
Dominican Republic,DO,DOM,214,Per cent of young people (aged 15-24 years) who know a place to get tested for HIV,2002,63.200001,Female,Units,%,Reported,Free,End of fieldwork,15 to 24 years old
Dominican Republic,DO,DOM,214,Per cent of young people (aged 15-24 years) who know a place to get tested for HIV,2007,91.099998,Female,Units,%,Reported,Free,End of fieldwork,15 to 24 years old
Dominican Republic,DO,DOM,214,Per cent of young people (aged 15-24 years) who know a place to get tested for HIV,2013,91.199997,Female,Units,%,Reported,Free,End of fieldwork,15 to 24 years old
Dominican Republic,DO,DOM,214,Per cent of young people (aged 15-24 years) who know a place to get tested for HIV,2002,76,Male,Units,%,Reported,Free,End of fieldwork,15 to 24 years old
Dominican Republic,DO,DOM,214,Per cent of young people (aged 15-24 years) who know a place to get tested for HIV,2007,74.900002,Male,Units,%,Reported,Free,End of fieldwork,15 to 24 years old
Dominican Republic,DO,DOM,214,Per cent of young people (aged 15-24 years) who know a place to get tested for HIV,2013,74.800003,Male,Units,%,Reported,Free,End of fieldwork,15 to 24 years old
Egypt,EG,EGY,818,Per cent of young people (aged 15-24 years) who know a place to get tested for HIV,2005,15.6,Female,Units,%,Reported,Free,End of fieldwork,15 to 24 years old
Egypt,EG,EGY,818,Per cent of young people (aged 15-24 years) who know a place to get tested for HIV,2014,10.9,Female,Units,%,Reported,Free,End of fieldwork,15 to 24 years old
Swaziland,SZ,SWZ,748,Per cent of young people (aged 15-24 years) who know a place to get tested for HIV,2007,87.099998,Female,Units,%,Reported,Free,End of fieldwork,15 to 24 years old
Swaziland,SZ,SWZ,748,Per cent of young people (aged 15-24 years) who know a place to get tested for HIV,2007,69.699997,Male,Units,%,Reported,Free,End of fieldwork,15 to 24 years old
Ethiopia,ET,ETH,231,Per cent of young people (aged 15-24 years) who know a place to get tested for HIV,2005,35.700001,Female,Units,%,Reported,Free,End of fieldwork,15 to 24 years old
Ethiopia,ET,ETH,231,Per cent of young people (aged 15-24 years) who know a place to get tested for HIV,2011,69.199997,Female,Units,%,Reported,Free,End of fieldwork,15 to 24 years old
Ethiopia,ET,ETH,231,Per cent of young people (aged 15-24 years) who know a place to get tested for HIV,2016,68.300003,Female,Units,%,Reported,Free,End of fieldwork,15 to 24 years old
Ethiopia,ET,ETH,231,Per cent of young people (aged 15-24 years) who know a place to get tested for HIV,2000,1.5,Male,Units,%,Reported,Free,End of fieldwork,15 to 24 years old
Ethiopia,ET,ETH,231,Per cent of young people (aged 15-24 years) who know a place to get tested for HIV,2005,46.299999,Male,Units,%,Reported,Free,End of fieldwork,15 to 24 years old
Ethiopia,ET,ETH,231,Per cent of young people (aged 15-24 years) who know a place to get tested for HIV,2011,78.800003,Male,Units,%,Reported,Free,End of fieldwork,15 to 24 years old
Ethiopia,ET,ETH,231,Per cent of young people (aged 15-24 years) who know a place to get tested for HIV,2016,79.199997,Male,Units,%,Reported,Free,End of fieldwork,15 to 24 years old
Gabon,GA,GAB,266,Per cent of young people (aged 15-24 years) who know a place to get tested for HIV,2012,84.599998,Female,Units,%,Reported,Free,End of fieldwork,15 to 24 years old
Gabon,GA,GAB,266,Per cent of young people (aged 15-24 years) who know a place to get tested for HIV,2012,72.599998,Male,Units,%,Reported,Free,End of fieldwork,15 to 24 years old
Gambia,GM,GMB,270,Per cent of young people (aged 15-24 years) who know a place to get tested for HIV,2013,58.900002,Female,Units,%,Reported,Free,End of fieldwork,15 to 24 years old
Gambia,GM,GMB,270,Per cent of young people (aged 15-24 years) who know a place to get tested for HIV,2020,57.900002,Female,Units,%,Reported,Free,End of fieldwork,15 to 24 years old
Gambia,GM,GMB,270,Per cent of young people (aged 15-24 years) who know a place to get tested for HIV,2013,67.800003,Male,Units,%,Reported,Free,End of fieldwork,15 to 24 years old
Gambia,GM,GMB,270,Per cent of young people (aged 15-24 years) who know a place to get tested for HIV,2020,54.200001,Male,Units,%,Reported,Free,End of fieldwork,15 to 24 years old
Ghana,GH,GHA,288,Per cent of young people (aged 15-24 years) who know a place to get tested for HIV,2003,53.599998,Female,Units,%,Reported,Free,End of fieldwork,15 to 24 years old
Ghana,GH,GHA,288,Per cent of young people (aged 15-24 years) who know a place to get tested for HIV,2008,67.599998,Female,Units,%,Reported,Free,End of fieldwork,15 to 24 years old
Ghana,GH,GHA,288,Per cent of young people (aged 15-24 years) who know a place to get tested for HIV,2014,72.300003,Female,Units,%,Reported,Free,End of fieldwork,15 to 24 years old
Ghana,GH,GHA,288,Per cent of young people (aged 15-24 years) who know a place to get tested for HIV,2003,55.5,Male,Units,%,Reported,Free,End of fieldwork,15 to 24 years old
Ghana,GH,GHA,288,Per cent of young people (aged 15-24 years) who know a place to get tested for HIV,2008,70.900002,Male,Units,%,Reported,Free,End of fieldwork,15 to 24 years old
Ghana,GH,GHA,288,Per cent of young people (aged 15-24 years) who know a place to get tested for HIV,2014,74,Male,Units,%,Reported,Free,End of fieldwork,15 to 24 years old
Guinea,GN,GIN,324,Per cent of young people (aged 15-24 years) who know a place to get tested for HIV,2005,19.9,Female,Units,%,Reported,Free,End of fieldwork,15 to 24 years old
Guinea,GN,GIN,324,Per cent of young people (aged 15-24 years) who know a place to get tested for HIV,2012,40.900002,Female,Units,%,Reported,Free,End of fieldwork,15 to 24 years old
Guinea,GN,GIN,324,Per cent of young people (aged 15-24 years) who know a place to get tested for HIV,2018,41.099998,Female,Units,%,Reported,Free,End of fieldwork,15 to 24 years old
Guinea,GN,GIN,324,Per cent of young people (aged 15-24 years) who know a place to get tested for HIV,2005,42.099998,Male,Units,%,Reported,Free,End of fieldwork,15 to 24 years old
Guinea,GN,GIN,324,Per cent of young people (aged 15-24 years) who know a place to get tested for HIV,2012,40.299999,Male,Units,%,Reported,Free,End of fieldwork,15 to 24 years old
Guinea,GN,GIN,324,Per cent of young people (aged 15-24 years) who know a place to get tested for HIV,2018,42.900002,Male,Units,%,Reported,Free,End of fieldwork,15 to 24 years old
Guyana,GY,GUY,328,Per cent of young people (aged 15-24 years) who know a place to get tested for HIV,2005,83.900002,Female,Units,%,Reported,Free,End of fieldwork,15 to 24 years old
Guyana,GY,GUY,328,Per cent of young people (aged 15-24 years) who know a place to get tested for HIV,2009,88.5,Female,Units,%,Reported,Free,End of fieldwork,15 to 24 years old
Guyana,GY,GUY,328,Per cent of young people (aged 15-24 years) who know a place to get tested for HIV,2005,76.400002,Male,Units,%,Reported,Free,End of fieldwork,15 to 24 years old
Guyana,GY,GUY,328,Per cent of young people (aged 15-24 years) who know a place to get tested for HIV,2009,83.199997,Male,Units,%,Reported,Free,End of fieldwork,15 to 24 years old
Haiti,HT,HTI,332,Per cent of young people (aged 15-24 years) who know a place to get tested for HIV,2000,11.6,Female,Units,%,Reported,Free,End of fieldwork,15 to 24 years old
Haiti,HT,HTI,332,Per cent of young people (aged 15-24 years) who know a place to get tested for HIV,2006,66.300003,Female,Units,%,Reported,Free,End of fieldwork,15 to 24 years old
Haiti,HT,HTI,332,Per cent of young people (aged 15-24 years) who know a place to get tested for HIV,2012,83.199997,Female,Units,%,Reported,Free,End of fieldwork,15 to 24 years old
Haiti,HT,HTI,332,Per cent of young people (aged 15-24 years) who know a place to get tested for HIV,2017,82.599998,Female,Units,%,Reported,Free,End of fieldwork,15 to 24 years old
Haiti,HT,HTI,332,Per cent of young people (aged 15-24 years) who know a place to get tested for HIV,2000,34.099998,Male,Units,%,Reported,Free,End of fieldwork,15 to 24 years old
Haiti,HT,HTI,332,Per cent of young people (aged 15-24 years) who know a place to get tested for HIV,2006,67.800003,Male,Units,%,Reported,Free,End of fieldwork,15 to 24 years old
Haiti,HT,HTI,332,Per cent of young people (aged 15-24 years) who know a place to get tested for HIV,2012,76.800003,Male,Units,%,Reported,Free,End of fieldwork,15 to 24 years old
Haiti,HT,HTI,332,Per cent of young people (aged 15-24 years) who know a place to get tested for HIV,2017,78.5,Male,Units,%,Reported,Free,End of fieldwork,15 to 24 years old
Honduras,HN,HND,340,Per cent of young people (aged 15-24 years) who know a place to get tested for HIV,2006,69.199997,Female,Units,%,Reported,Free,End of fieldwork,15 to 24 years old
Honduras,HN,HND,340,Per cent of young people (aged 15-24 years) who know a place to get tested for HIV,2012,80.199997,Female,Units,%,Reported,Free,End of fieldwork,15 to 24 years old
Honduras,HN,HND,340,Per cent of young people (aged 15-24 years) who know a place to get tested for HIV,2012,63.400002,Male,Units,%,Reported,Free,End of fieldwork,15 to 24 years old
India,IN,IND,356,Per cent of young people (aged 15-24 years) who know a place to get tested for HIV,2006,29.1,Female,Units,%,Reported,Free,End of fieldwork,15 to 24 years old
India,IN,IND,356,Per cent of young people (aged 15-24 years) who know a place to get tested for HIV,2016,43.799999,Female,Units,%,Reported,Free,End of fieldwork,15 to 24 years old
India,IN,IND,356,Per cent of young people (aged 15-24 years) who know a place to get tested for HIV,2021,51.799999,Female,Units,%,Reported,Free,End of fieldwork,15 to 24 years old
India,IN,IND,356,Per cent of young people (aged 15-24 years) who know a place to get tested for HIV,2006,49.700001,Male,Units,%,Reported,Free,End of fieldwork,15 to 24 years old
India,IN,IND,356,Per cent of young people (aged 15-24 years) who know a place to get tested for HIV,2016,56.599998,Male,Units,%,Reported,Free,End of fieldwork,15 to 24 years old
India,IN,IND,356,Per cent of young people (aged 15-24 years) who know a place to get tested for HIV,2021,65.800003,Male,Units,%,Reported,Free,End of fieldwork,15 to 24 years old
Indonesia,ID,IDN,360,Per cent of young people (aged 15-24 years) who know a place to get tested for HIV,2003,12.4,Female,Units,%,Reported,Free,End of fieldwork,15 to 24 years old
Indonesia,ID,IDN,360,Per cent of young people (aged 15-24 years) who know a place to get tested for HIV,2012,5.5999999,Female,Units,%,Reported,Free,End of fieldwork,15 to 24 years old
Indonesia,ID,IDN,360,Per cent of young people (aged 15-24 years) who know a place to get tested for HIV,2017,37.400002,Female,Units,%,Reported,Free,End of fieldwork,15 to 24 years old
Indonesia,ID,IDN,360,Per cent of young people (aged 15-24 years) who know a place to get tested for HIV,2003,16.799999,Male,Units,%,Reported,Free,End of fieldwork,15 to 24 years old
Indonesia,ID,IDN,360,Per cent of young people (aged 15-24 years) who know a place to get tested for HIV,2012,3.2,Male,Units,%,Reported,Free,End of fieldwork,15 to 24 years old
Jordan,JO,JOR,400,Per cent of young people (aged 15-24 years) who know a place to get tested for HIV,2007,28.6,Female,Units,%,Reported,Free,End of fieldwork,15 to 24 years old
Jordan,JO,JOR,400,Per cent of young people (aged 15-24 years) who know a place to get tested for HIV,2012,15.5,Female,Units,%,Reported,Free,End of fieldwork,15 to 24 years old
Jordan,JO,JOR,400,Per cent of young people (aged 15-24 years) who know a place to get tested for HIV,2018,22.799999,Female,Units,%,Reported,Free,End of fieldwork,15 to 24 years old
Jordan,JO,JOR,400,Per cent of young people (aged 15-24 years) who know a place to get tested for HIV,2018,32.5,Male,Units,%,Reported,Free,End of fieldwork,15 to 24 years old
Kenya,KE,KEN,404,Per cent of young people (aged 15-24 years) who know a place to get tested for HIV,2003,59.900002,Female,Units,%,Reported,Free,End of fieldwork,15 to 24 years old
Kenya,KE,KEN,404,Per cent of young people (aged 15-24 years) who know a place to get tested for HIV,2009,90.199997,Female,Units,%,Reported,Free,End of fieldwork,15 to 24 years old
Kenya,KE,KEN,404,Per cent of young people (aged 15-24 years) who know a place to get tested for HIV,2014,82.699997,Female,Units,%,Reported,Free,End of fieldwork,15 to 24 years old
Kenya,KE,KEN,404,Per cent of young people (aged 15-24 years) who know a place to get tested for HIV,2003,63.5,Male,Units,%,Reported,Free,End of fieldwork,15 to 24 years old
Kenya,KE,KEN,404,Per cent of young people (aged 15-24 years) who know a place to get tested for HIV,2009,88.5,Male,Units,%,Reported,Free,End of fieldwork,15 to 24 years old
Kenya,KE,KEN,404,Per cent of young people (aged 15-24 years) who know a place to get tested for HIV,2014,94.199997,Male,Units,%,Reported,Free,End of fieldwork,15 to 24 years old
Lebanon,LB,LBN,422,Per cent of young people (aged 15-24 years) who know a place to get tested for HIV,2007,24,Female,Units,%,Reported,Free,End of fieldwork,15 to 24 years old
Lebanon,LB,LBN,422,Per cent of young people (aged 15-24 years) who know a place to get tested for HIV,2013,71.300003,Female,Units,%,Reported,Free,End of fieldwork,15 to 24 years old
Lebanon,LB,LBN,422,Per cent of young people (aged 15-24 years) who know a place to get tested for HIV,2020,61.299999,Female,Units,%,Reported,Free,End of fieldwork,15 to 24 years old
Lebanon,LB,LBN,422,Per cent of young people (aged 15-24 years) who know a place to get tested for HIV,2007,26.9,Male,Units,%,Reported,Free,End of fieldwork,15 to 24 years old
Lebanon,LB,LBN,422,Per cent of young people (aged 15-24 years) who know a place to get tested for HIV,2013,50.799999,Male,Units,%,Reported,Free,End of fieldwork,15 to 24 years old
Lebanon,LB,LBN,422,Per cent of young people (aged 15-24 years) who know a place to get tested for HIV,2020,52.200001,Male,Units,%,Reported,Free,End of fieldwork,15 to 24 years old
Lesotho,LS,LSO,426,Per cent of young people (aged 15-24 years) who know a place to get tested for HIV,2004,56.599998,Female,Units,%,Reported,Free,End of fieldwork,15 to 24 years old
Lesotho,LS,LSO,426,Per cent of young people (aged 15-24 years) who know a place to get tested for HIV,2014,94.099998,Female,Units,%,Reported,Free,End of fieldwork,15 to 24 years old
Lesotho,LS,LSO,426,Per cent of young people (aged 15-24 years) who know a place to get tested for HIV,2004,39.599998,Male,Units,%,Reported,Free,End of fieldwork,15 to 24 years old
Lesotho,LS,LSO,426,Per cent of young people (aged 15-24 years) who know a place to get tested for HIV,2009,73.699997,Male,Units,%,Reported,Free,End of fieldwork,15 to 24 years old
Lesotho,LS,LSO,426,Per cent of young people (aged 15-24 years) who know a place to get tested for HIV,2014,87.199997,Male,Units,%,Reported,Free,End of fieldwork,15 to 24 years old
Madagascar,MG,MDG,450,Per cent of young people (aged 15-24 years) who know a place to get tested for HIV,2004,11.8,Female,Units,%,Reported,Free,End of fieldwork,15 to 24 years old
Madagascar,MG,MDG,450,Per cent of young people (aged 15-24 years) who know a place to get tested for HIV,2009,46,Female,Units,%,Reported,Free,End of fieldwork,15 to 24 years old
Madagascar,MG,MDG,450,Per cent of young people (aged 15-24 years) who know a place to get tested for HIV,2004,11.8,Male,Units,%,Reported,Free,End of fieldwork,15 to 24 years old
Madagascar,MG,MDG,450,Per cent of young people (aged 15-24 years) who know a place to get tested for HIV,2009,39.200001,Male,Units,%,Reported,Free,End of fieldwork,15 to 24 years old
Malawi,MW,MWI,454,Per cent of young people (aged 15-24 years) who know a place to get tested for HIV,2000,71.599998,Female,Units,%,Reported,Free,End of fieldwork,15 to 24 years old
Malawi,MW,MWI,454,Per cent of young people (aged 15-24 years) who know a place to get tested for HIV,2004,80.300003,Female,Units,%,Reported,Free,End of fieldwork,15 to 24 years old
Malawi,MW,MWI,454,Per cent of young people (aged 15-24 years) who know a place to get tested for HIV,2010,95.300003,Female,Units,%,Reported,Free,End of fieldwork,15 to 24 years old
Malawi,MW,MWI,454,Per cent of young people (aged 15-24 years) who know a place to get tested for HIV,2016,92.099998,Female,Units,%,Reported,Free,End of fieldwork,15 to 24 years old
Malawi,MW,MWI,454,Per cent of young people (aged 15-24 years) who know a place to get tested for HIV,2000,79,Male,Units,%,Reported,Free,End of fieldwork,15 to 24 years old
Malawi,MW,MWI,454,Per cent of young people (aged 15-24 years) who know a place to get tested for HIV,2004,85.699997,Male,Units,%,Reported,Free,End of fieldwork,15 to 24 years old
Malawi,MW,MWI,454,Per cent of young people (aged 15-24 years) who know a place to get tested for HIV,2010,95,Male,Units,%,Reported,Free,End of fieldwork,15 to 24 years old
Malawi,MW,MWI,454,Per cent of young people (aged 15-24 years) who know a place to get tested for HIV,2016,92.300003,Male,Units,%,Reported,Free,End of fieldwork,15 to 24 years old
Maldives,MV,MDV,462,Per cent of young people (aged 15-24 years) who know a place to get tested for HIV,2009,83.199997,Female,Units,%,Reported,Free,End of fieldwork,15 to 24 years old
Maldives,MV,MDV,462,Per cent of young people (aged 15-24 years) who know a place to get tested for HIV,2017,52,Female,Units,%,Reported,Free,End of fieldwork,15 to 24 years old
Maldives,MV,MDV,462,Per cent of young people (aged 15-24 years) who know a place to get tested for HIV,2009,83,Male,Units,%,Reported,Free,End of fieldwork,15 to 24 years old
Maldives,MV,MDV,462,Per cent of young people (aged 15-24 years) who know a place to get tested for HIV,2017,54.099998,Male,Units,%,Reported,Free,End of fieldwork,15 to 24 years old
Mali,ML,MLI,466,Per cent of young people (aged 15-24 years) who know a place to get tested for HIV,2001,12.6,Female,Units,%,Reported,Free,End of fieldwork,15 to 24 years old
Mali,ML,MLI,466,Per cent of young people (aged 15-24 years) who know a place to get tested for HIV,2006,22.200001,Female,Units,%,Reported,Free,End of fieldwork,15 to 24 years old
Mali,ML,MLI,466,Per cent of young people (aged 15-24 years) who know a place to get tested for HIV,2013,27.799999,Female,Units,%,Reported,Free,End of fieldwork,15 to 24 years old
Mali,ML,MLI,466,Per cent of young people (aged 15-24 years) who know a place to get tested for HIV,2018,29.5,Female,Units,%,Reported,Free,End of fieldwork,15 to 24 years old
Mali,ML,MLI,466,Per cent of young people (aged 15-24 years) who know a place to get tested for HIV,2001,25.9,Male,Units,%,Reported,Free,End of fieldwork,15 to 24 years old
Mali,ML,MLI,466,Per cent of young people (aged 15-24 years) who know a place to get tested for HIV,2006,29.6,Male,Units,%,Reported,Free,End of fieldwork,15 to 24 years old
Mali,ML,MLI,466,Per cent of young people (aged 15-24 years) who know a place to get tested for HIV,2013,35,Male,Units,%,Reported,Free,End of fieldwork,15 to 24 years old
Mali,ML,MLI,466,Per cent of young people (aged 15-24 years) who know a place to get tested for HIV,2018,37.299999,Male,Units,%,Reported,Free,End of fieldwork,15 to 24 years old
Mauritania,MR,MRT,478,Per cent of young people (aged 15-24 years) who know a place to get tested for HIV,2021,17.299999,Female,Units,%,Reported,Free,End of fieldwork,15 to 24 years old
Mauritania,MR,MRT,478,Per cent of young people (aged 15-24 years) who know a place to get tested for HIV,2021,25.299999,Male,Units,%,Reported,Free,End of fieldwork,15 to 24 years old
Mexico,MX,MEX,484,Per cent of young people (aged 15-24 years) who know a place to get tested for HIV,2015,77.900002,Female,Units,%,Reported,Free,End of fieldwork,20 to 24 years old
Mozambique,MZ,MOZ,508,Per cent of young people (aged 15-24 years) who know a place to get tested for HIV,2003,34.299999,Female,Units,%,Reported,Free,End of fieldwork,15 to 24 years old
Mozambique,MZ,MOZ,508,Per cent of young people (aged 15-24 years) who know a place to get tested for HIV,2009,75.599998,Female,Units,%,Reported,Free,End of fieldwork,15 to 24 years old
Mozambique,MZ,MOZ,508,Per cent of young people (aged 15-24 years) who know a place to get tested for HIV,2011,76.300003,Female,Units,%,Reported,Free,End of fieldwork,15 to 24 years old
Mozambique,MZ,MOZ,508,Per cent of young people (aged 15-24 years) who know a place to get tested for HIV,2015,82.199997,Female,Units,%,Reported,Free,End of fieldwork,15 to 24 years old
Mozambique,MZ,MOZ,508,Per cent of young people (aged 15-24 years) who know a place to get tested for HIV,2003,40.5,Male,Units,%,Reported,Free,End of fieldwork,15 to 24 years old
Mozambique,MZ,MOZ,508,Per cent of young people (aged 15-24 years) who know a place to get tested for HIV,2009,70.800003,Male,Units,%,Reported,Free,End of fieldwork,15 to 24 years old
Mozambique,MZ,MOZ,508,Per cent of young people (aged 15-24 years) who know a place to get tested for HIV,2011,80.5,Male,Units,%,Reported,Free,End of fieldwork,15 to 24 years old
Mozambique,MZ,MOZ,508,Per cent of young people (aged 15-24 years) who know a place to get tested for HIV,2015,75.400002,Male,Units,%,Reported,Free,End of fieldwork,15 to 24 years old
Myanmar,MM,MMR,104,Per cent of young people (aged 15-24 years) who know a place to get tested for HIV,2016,60.5,Female,Units,%,Reported,Free,End of fieldwork,15 to 24 years old
Burma,MM,MMR,104,Per cent of young people (aged 15-24 years) who know a place to get tested for HIV,2016,60.5,Female,Units,%,Reported,Free,End of fieldwork,15 to 24 years old
Myanmar,MM,MMR,104,Per cent of young people (aged 15-24 years) who know a place to get tested for HIV,2016,56.099998,Male,Units,%,Reported,Free,End of fieldwork,15 to 24 years old
Burma,MM,MMR,104,Per cent of young people (aged 15-24 years) who know a place to get tested for HIV,2016,56.099998,Male,Units,%,Reported,Free,End of fieldwork,15 to 24 years old
Namibia,,NAM,516,Per cent of young people (aged 15-24 years) who know a place to get tested for HIV,2000,78.199997,Female,Units,%,Reported,Free,End of fieldwork,15 to 24 years old
Namibia,,NAM,516,Per cent of young people (aged 15-24 years) who know a place to get tested for HIV,2007,90.199997,Female,Units,%,Reported,Free,End of fieldwork,15 to 24 years old
Namibia,,NAM,516,Per cent of young people (aged 15-24 years) who know a place to get tested for HIV,2013,95.400002,Female,Units,%,Reported,Free,End of fieldwork,15 to 24 years old
Namibia,,NAM,516,Per cent of young people (aged 15-24 years) who know a place to get tested for HIV,2000,69.400002,Male,Units,%,Reported,Free,End of fieldwork,15 to 24 years old
Namibia,,NAM,516,Per cent of young people (aged 15-24 years) who know a place to get tested for HIV,2007,82.900002,Male,Units,%,Reported,Free,End of fieldwork,15 to 24 years old
Namibia,,NAM,516,Per cent of young people (aged 15-24 years) who know a place to get tested for HIV,2013,90.900002,Male,Units,%,Reported,Free,End of fieldwork,15 to 24 years old
Nepal,NP,NPL,524,Per cent of young people (aged 15-24 years) who know a place to get tested for HIV,2006,41.5,Female,Units,%,Reported,Free,End of fieldwork,15 to 24 years old
Nepal,NP,NPL,524,Per cent of young people (aged 15-24 years) who know a place to get tested for HIV,2011,41.5,Female,Units,%,Reported,Free,End of fieldwork,15 to 24 years old
Nepal,NP,NPL,524,Per cent of young people (aged 15-24 years) who know a place to get tested for HIV,2016,34.5,Female,Units,%,Reported,Free,End of fieldwork,15 to 24 years old
Nepal,NP,NPL,524,Per cent of young people (aged 15-24 years) who know a place to get tested for HIV,2006,73.199997,Male,Units,%,Reported,Free,End of fieldwork,15 to 24 years old
Nepal,NP,NPL,524,Per cent of young people (aged 15-24 years) who know a place to get tested for HIV,2011,59,Male,Units,%,Reported,Free,End of fieldwork,15 to 24 years old
Nepal,NP,NPL,524,Per cent of young people (aged 15-24 years) who know a place to get tested for HIV,2016,48.200001,Male,Units,%,Reported,Free,End of fieldwork,15 to 24 years old
Nicaragua,NI,NIC,558,Per cent of young people (aged 15-24 years) who know a place to get tested for HIV,2006,15.6,Female,Units,%,Reported,Free,End of fieldwork,15 to 24 years old
Nicaragua,NI,NIC,558,Per cent of young people (aged 15-24 years) who know a place to get tested for HIV,2012,40.599998,Female,Units,%,Reported,Free,End of fieldwork,15 to 24 years old
Nicaragua,NI,NIC,558,Per cent of young people (aged 15-24 years) who know a place to get tested for HIV,2006,37.599998,Male,Units,%,Reported,Free,End of fieldwork,15 to 24 years old
Nigeria,NG,NGA,566,Per cent of young people (aged 15-24 years) who know a place to get tested for HIV,2003,32,Female,Units,%,Reported,Free,End of fieldwork,15 to 24 years old
Nigeria,NG,NGA,566,Per cent of young people (aged 15-24 years) who know a place to get tested for HIV,2008,45.400002,Female,Units,%,Reported,Free,End of fieldwork,15 to 24 years old
Nigeria,NG,NGA,566,Per cent of young people (aged 15-24 years) who know a place to get tested for HIV,2013,56.200001,Female,Units,%,Reported,Free,End of fieldwork,15 to 24 years old
Nigeria,NG,NGA,566,Per cent of young people (aged 15-24 years) who know a place to get tested for HIV,2003,52,Male,Units,%,Reported,Free,End of fieldwork,15 to 24 years old
Nigeria,NG,NGA,566,Per cent of young people (aged 15-24 years) who know a place to get tested for HIV,2008,59.299999,Male,Units,%,Reported,Free,End of fieldwork,15 to 24 years old
Nigeria,NG,NGA,566,Per cent of young people (aged 15-24 years) who know a place to get tested for HIV,2013,62.900002,Male,Units,%,Reported,Free,End of fieldwork,15 to 24 years old
Pakistan,PK,PAK,586,Per cent of young people (aged 15-24 years) who know a place to get tested for HIV,2013,8.3999996,Female,Units,%,Reported,Free,End of fieldwork,15 to 24 years old
Pakistan,PK,PAK,586,Per cent of young people (aged 15-24 years) who know a place to get tested for HIV,2018,4.4000001,Female,Units,%,Reported,Free,End of fieldwork,15 to 24 years old
Pakistan,PK,PAK,586,Per cent of young people (aged 15-24 years) who know a place to get tested for HIV,2013,23.200001,Male,Units,%,Reported,Free,End of fieldwork,15 to 24 years old
Pakistan,PK,PAK,586,Per cent of young people (aged 15-24 years) who know a place to get tested for HIV,2018,24.1,Male,Units,%,Reported,Free,End of fieldwork,15 to 24 years old
Papua New Guinea,PG,PNG,598,Per cent of young people (aged 15-24 years) who know a place to get tested for HIV,2018,53.5,Female,Units,%,Reported,Free,End of fieldwork,15 to 24 years old
Papua New Guinea,PG,PNG,598,Per cent of young people (aged 15-24 years) who know a place to get tested for HIV,2018,54.299999,Male,Units,%,Reported,Free,End of fieldwork,15 to 24 years old
Peru,PE,PER,604,Per cent of young people (aged 15-24 years) who know a place to get tested for HIV,2000,60.900002,Female,Units,%,Reported,Free,End of fieldwork,15 to 24 years old
Peru,PE,PER,604,Per cent of young people (aged 15-24 years) who know a place to get tested for HIV,2006,68.300003,Female,Units,%,Reported,Free,End of fieldwork,15 to 24 years old
Peru,PE,PER,604,Per cent of young people (aged 15-24 years) who know a place to get tested for HIV,2008,76.599998,Female,Units,%,Reported,Free,End of fieldwork,15 to 24 years old
Peru,PE,PER,604,Per cent of young people (aged 15-24 years) who know a place to get tested for HIV,2009,86.400002,Female,Units,%,Reported,Free,End of fieldwork,15 to 24 years old
Peru,PE,PER,604,Per cent of young people (aged 15-24 years) who know a place to get tested for HIV,2010,80.300003,Female,Units,%,Reported,Free,End of fieldwork,15 to 24 years old
Peru,PE,PER,604,Per cent of young people (aged 15-24 years) who know a place to get tested for HIV,2011,89.800003,Female,Units,%,Reported,Free,End of fieldwork,15 to 24 years old
Peru,PE,PER,604,Per cent of young people (aged 15-24 years) who know a place to get tested for HIV,2012,91.5,Female,Units,%,Reported,Free,End of fieldwork,15 to 24 years old
Philippines,PH,PHL,608,Per cent of young people (aged 15-24 years) who know a place to get tested for HIV,2008,46.799999,Female,Units,%,Reported,Free,End of fieldwork,15 to 24 years old
Philippines,PH,PHL,608,Per cent of young people (aged 15-24 years) who know a place to get tested for HIV,2013,48.599998,Female,Units,%,Reported,Free,End of fieldwork,15 to 24 years old
Philippines,PH,PHL,608,Per cent of young people (aged 15-24 years) who know a place to get tested for HIV,2017,37.700001,Female,Units,%,Reported,Free,End of fieldwork,15 to 24 years old
Philippines,PH,PHL,608,Per cent of young people (aged 15-24 years) who know a place to get tested for HIV,2003,26.799999,Male,Units,%,Reported,Free,End of fieldwork,15 to 24 years old
"Moldova, Republic of",MD,MDA,498,Per cent of young people (aged 15-24 years) who know a place to get tested for HIV,2005,56.299999,Female,Units,%,Reported,Free,End of fieldwork,15 to 24 years old
"Moldova, Republic of",MD,MDA,498,Per cent of young people (aged 15-24 years) who know a place to get tested for HIV,2005,52.299999,Male,Units,%,Reported,Free,End of fieldwork,15 to 24 years old
Rwanda,RW,RWA,646,Per cent of young people (aged 15-24 years) who know a place to get tested for HIV,2000,68.5,Female,Units,%,Reported,Free,End of fieldwork,15 to 24 years old
Rwanda,RW,RWA,646,Per cent of young people (aged 15-24 years) who know a place to get tested for HIV,2005,77.699997,Female,Units,%,Reported,Free,End of fieldwork,15 to 24 years old
Rwanda,RW,RWA,646,Per cent of young people (aged 15-24 years) who know a place to get tested for HIV,2010,97.699997,Female,Units,%,Reported,Free,End of fieldwork,15 to 24 years old
Rwanda,RW,RWA,646,Per cent of young people (aged 15-24 years) who know a place to get tested for HIV,2015,98.599998,Female,Units,%,Reported,Free,End of fieldwork,15 to 24 years old
Rwanda,RW,RWA,646,Per cent of young people (aged 15-24 years) who know a place to get tested for HIV,2020,93.099998,Female,Units,%,Reported,Free,End of fieldwork,15 to 24 years old
Rwanda,RW,RWA,646,Per cent of young people (aged 15-24 years) who know a place to get tested for HIV,2000,47.799999,Male,Units,%,Reported,Free,End of fieldwork,15 to 24 years old
Rwanda,RW,RWA,646,Per cent of young people (aged 15-24 years) who know a place to get tested for HIV,2005,80,Male,Units,%,Reported,Free,End of fieldwork,15 to 24 years old
Rwanda,RW,RWA,646,Per cent of young people (aged 15-24 years) who know a place to get tested for HIV,2010,95.5,Male,Units,%,Reported,Free,End of fieldwork,15 to 24 years old
Rwanda,RW,RWA,646,Per cent of young people (aged 15-24 years) who know a place to get tested for HIV,2015,96.900002,Male,Units,%,Reported,Free,End of fieldwork,15 to 24 years old
Rwanda,RW,RWA,646,Per cent of young people (aged 15-24 years) who know a place to get tested for HIV,2020,96.099998,Male,Units,%,Reported,Free,End of fieldwork,15 to 24 years old
Sao Tome and Principe,ST,STP,678,Per cent of young people (aged 15-24 years) who know a place to get tested for HIV,2009,83.5,Female,Units,%,Reported,Free,End of fieldwork,15 to 24 years old
Sao Tome and Principe,ST,STP,678,Per cent of young people (aged 15-24 years) who know a place to get tested for HIV,2009,80.099998,Male,Units,%,Reported,Free,End of fieldwork,15 to 24 years old
Senegal,SN,SEN,686,Per cent of young people (aged 15-24 years) who know a place to get tested for HIV,2005,35,Female,Units,%,Reported,Free,End of fieldwork,15 to 24 years old
Senegal,SN,SEN,686,Per cent of young people (aged 15-24 years) who know a place to get tested for HIV,2011,60.299999,Female,Units,%,Reported,Free,End of fieldwork,15 to 24 years old
Senegal,SN,SEN,686,Per cent of young people (aged 15-24 years) who know a place to get tested for HIV,2014,68.800003,Female,Units,%,Reported,Free,End of fieldwork,15 to 24 years old
Senegal,SN,SEN,686,Per cent of young people (aged 15-24 years) who know a place to get tested for HIV,2015,70.800003,Female,Units,%,Reported,Free,End of fieldwork,15 to 24 years old
Senegal,SN,SEN,686,Per cent of young people (aged 15-24 years) who know a place to get tested for HIV,2016,71.599998,Female,Units,%,Reported,Free,End of fieldwork,15 to 24 years old
Senegal,SN,SEN,686,Per cent of young people (aged 15-24 years) who know a place to get tested for HIV,2017,65.800003,Female,Units,%,Reported,Free,End of fieldwork,15 to 24 years old
Senegal,SN,SEN,686,Per cent of young people (aged 15-24 years) who know a place to get tested for HIV,2005,39.799999,Male,Units,%,Reported,Free,End of fieldwork,15 to 24 years old
Senegal,SN,SEN,686,Per cent of young people (aged 15-24 years) who know a place to get tested for HIV,2011,63.900002,Male,Units,%,Reported,Free,End of fieldwork,15 to 24 years old
Senegal,SN,SEN,686,Per cent of young people (aged 15-24 years) who know a place to get tested for HIV,2014,51.700001,Male,Units,%,Reported,Free,End of fieldwork,15 to 24 years old
Senegal,SN,SEN,686,Per cent of young people (aged 15-24 years) who know a place to get tested for HIV,2015,41.5,Male,Units,%,Reported,Free,End of fieldwork,15 to 24 years old
Senegal,SN,SEN,686,Per cent of young people (aged 15-24 years) who know a place to get tested for HIV,2016,40.200001,Male,Units,%,Reported,Free,End of fieldwork,15 to 24 years old
Senegal,SN,SEN,686,Per cent of young people (aged 15-24 years) who know a place to get tested for HIV,2017,41.099998,Male,Units,%,Reported,Free,End of fieldwork,15 to 24 years old
Sierra Leone,SL,SLE,694,Per cent of young people (aged 15-24 years) who know a place to get tested for HIV,2008,29.700001,Female,Units,%,Reported,Free,End of fieldwork,15 to 24 years old
Sierra Leone,SL,SLE,694,Per cent of young people (aged 15-24 years) who know a place to get tested for HIV,2013,66.800003,Female,Units,%,Reported,Free,End of fieldwork,15 to 24 years old
Sierra Leone,SL,SLE,694,Per cent of young people (aged 15-24 years) who know a place to get tested for HIV,2019,74.599998,Female,Units,%,Reported,Free,End of fieldwork,15 to 24 years old
Sierra Leone,SL,SLE,694,Per cent of young people (aged 15-24 years) who know a place to get tested for HIV,2008,31.4,Male,Units,%,Reported,Free,End of fieldwork,15 to 24 years old
Sierra Leone,SL,SLE,694,Per cent of young people (aged 15-24 years) who know a place to get tested for HIV,2013,69.800003,Male,Units,%,Reported,Free,End of fieldwork,15 to 24 years old
Sierra Leone,SL,SLE,694,Per cent of young people (aged 15-24 years) who know a place to get tested for HIV,2019,61.299999,Male,Units,%,Reported,Free,End of fieldwork,15 to 24 years old
South Africa,ZA,ZAF,710,Per cent of young people (aged 15-24 years) who know a place to get tested for HIV,2016,89.199997,Female,Units,%,Reported,Free,End of fieldwork,15 to 24 years old
South Africa,ZA,ZAF,710,Per cent of young people (aged 15-24 years) who know a place to get tested for HIV,2016,90.900002,Male,Units,%,Reported,Free,End of fieldwork,15 to 24 years old
Tajikistan,TJ,TJK,762,Per cent of young people (aged 15-24 years) who know a place to get tested for HIV,2012,24.5,Female,Units,%,Reported,Free,End of fieldwork,15 to 24 years old
Tajikistan,TJ,TJK,762,Per cent of young people (aged 15-24 years) who know a place to get tested for HIV,2017,22.299999,Female,Units,%,Reported,Free,End of fieldwork,15 to 24 years old
Timor-Leste,TL,TLS,626,Per cent of young people (aged 15-24 years) who know a place to get tested for HIV,2010,19.9,Female,Units,%,Reported,Free,End of fieldwork,15 to 24 years old
Timor-Leste,TL,TLS,626,Per cent of young people (aged 15-24 years) who know a place to get tested for HIV,2016,6.0999999,Female,Units,%,Reported,Free,End of fieldwork,15 to 24 years old
Timor-Leste,TL,TLS,626,Per cent of young people (aged 15-24 years) who know a place to get tested for HIV,2010,33.200001,Male,Units,%,Reported,Free,End of fieldwork,15 to 24 years old
Timor-Leste,TL,TLS,626,Per cent of young people (aged 15-24 years) who know a place to get tested for HIV,2016,21.299999,Male,Units,%,Reported,Free,End of fieldwork,15 to 24 years old
Togo,TG,TGO,768,Per cent of young people (aged 15-24 years) who know a place to get tested for HIV,2014,67,Female,Units,%,Reported,Free,End of fieldwork,15 to 24 years old
Togo,TG,TGO,768,Per cent of young people (aged 15-24 years) who know a place to get tested for HIV,2014,66.099998,Male,Units,%,Reported,Free,End of fieldwork,15 to 24 years old
Turkmenistan,TM,TKM,795,Per cent of young people (aged 15-24 years) who know a place to get tested for HIV,2000,7.0999999,Female,Units,%,Reported,Free,End of fieldwork,15 to 24 years old
Uganda,UG,UGA,800,Per cent of young people (aged 15-24 years) who know a place to get tested for HIV,2001,36.5,Female,Units,%,Reported,Free,End of fieldwork,15 to 24 years old
Uganda,UG,UGA,800,Per cent of young people (aged 15-24 years) who know a place to get tested for HIV,2005,12.7,Female,Units,%,Reported,Free,End of fieldwork,15 to 24 years old
Uganda,UG,UGA,800,Per cent of young people (aged 15-24 years) who know a place to get tested for HIV,2006,81.300003,Female,Units,%,Reported,Free,End of fieldwork,15 to 24 years old
Uganda,UG,UGA,800,Per cent of young people (aged 15-24 years) who know a place to get tested for HIV,2011,88.900002,Female,Units,%,Reported,Free,End of fieldwork,15 to 24 years old
Uganda,UG,UGA,800,Per cent of young people (aged 15-24 years) who know a place to get tested for HIV,2016,93.900002,Female,Units,%,Reported,Free,End of fieldwork,15 to 24 years old
Uganda,UG,UGA,800,Per cent of young people (aged 15-24 years) who know a place to get tested for HIV,2001,50.299999,Male,Units,%,Reported,Free,End of fieldwork,15 to 24 years old
Uganda,UG,UGA,800,Per cent of young people (aged 15-24 years) who know a place to get tested for HIV,2005,8.5,Male,Units,%,Reported,Free,End of fieldwork,15 to 24 years old
Uganda,UG,UGA,800,Per cent of young people (aged 15-24 years) who know a place to get tested for HIV,2006,84.5,Male,Units,%,Reported,Free,End of fieldwork,15 to 24 years old
Uganda,UG,UGA,800,Per cent of young people (aged 15-24 years) who know a place to get tested for HIV,2011,85.199997,Male,Units,%,Reported,Free,End of fieldwork,15 to 24 years old
Uganda,UG,UGA,800,Per cent of young people (aged 15-24 years) who know a place to get tested for HIV,2016,92.599998,Male,Units,%,Reported,Free,End of fieldwork,15 to 24 years old
Ukraine,UA,UKR,804,Per cent of young people (aged 15-24 years) who know a place to get tested for HIV,2007,72.900002,Female,Units,%,Reported,Free,End of fieldwork,15 to 24 years old
Ukraine,UA,UKR,804,Per cent of young people (aged 15-24 years) who know a place to get tested for HIV,2007,77.400002,Male,Units,%,Reported,Free,End of fieldwork,15 to 24 years old
"Tanzania, United Republic of",TZ,TZA,834,Per cent of young people (aged 15-24 years) who know a place to get tested for HIV,2004,53.900002,Female,Units,%,Reported,Free,End of fieldwork,15 to 24 years old
"Tanzania, United Republic of",TZ,TZA,834,Per cent of young people (aged 15-24 years) who know a place to get tested for HIV,2005,66,Female,Units,%,Reported,Free,End of fieldwork,15 to 24 years old
"Tanzania, United Republic of",TZ,TZA,834,Per cent of young people (aged 15-24 years) who know a place to get tested for HIV,2008,76.099998,Female,Units,%,Reported,Free,End of fieldwork,15 to 24 years old
"Tanzania, United Republic of",TZ,TZA,834,Per cent of young people (aged 15-24 years) who know a place to get tested for HIV,2010,88.300003,Female,Units,%,Reported,Free,End of fieldwork,15 to 24 years old
"Tanzania, United Republic of",TZ,TZA,834,Per cent of young people (aged 15-24 years) who know a place to get tested for HIV,2012,85.900002,Female,Units,%,Reported,Free,End of fieldwork,15 to 24 years old
"Tanzania, United Republic of",TZ,TZA,834,Per cent of young people (aged 15-24 years) who know a place to get tested for HIV,2004,60.700001,Male,Units,%,Reported,Free,End of fieldwork,15 to 24 years old
"Tanzania, United Republic of",TZ,TZA,834,Per cent of young people (aged 15-24 years) who know a place to get tested for HIV,2005,67.800003,Male,Units,%,Reported,Free,End of fieldwork,15 to 24 years old
"Tanzania, United Republic of",TZ,TZA,834,Per cent of young people (aged 15-24 years) who know a place to get tested for HIV,2008,79.800003,Male,Units,%,Reported,Free,End of fieldwork,15 to 24 years old
"Tanzania, United Republic of",TZ,TZA,834,Per cent of young people (aged 15-24 years) who know a place to get tested for HIV,2010,85.400002,Male,Units,%,Reported,Free,End of fieldwork,15 to 24 years old
"Tanzania, United Republic of",TZ,TZA,834,Per cent of young people (aged 15-24 years) who know a place to get tested for HIV,2012,84.199997,Male,Units,%,Reported,Free,End of fieldwork,15 to 24 years old
Viet Nam,VN,VNM,704,Per cent of young people (aged 15-24 years) who know a place to get tested for HIV,2005,62.099998,Female,Units,%,Reported,Free,End of fieldwork,15 to 24 years old
Vietnam,VN,VNM,704,Per cent of young people (aged 15-24 years) who know a place to get tested for HIV,2005,62.099998,Female,Units,%,Reported,Free,End of fieldwork,15 to 24 years old
Viet Nam,VN,VNM,704,Per cent of young people (aged 15-24 years) who know a place to get tested for HIV,2005,59.200001,Male,Units,%,Reported,Free,End of fieldwork,15 to 24 years old
Vietnam,VN,VNM,704,Per cent of young people (aged 15-24 years) who know a place to get tested for HIV,2005,59.200001,Male,Units,%,Reported,Free,End of fieldwork,15 to 24 years old
Yemen,YE,YEM,887,Per cent of young people (aged 15-24 years) who know a place to get tested for HIV,2013,18.9,Female,Units,%,Reported,Free,End of fieldwork,15 to 24 years old
Zambia,ZM,ZMB,894,Per cent of young people (aged 15-24 years) who know a place to get tested for HIV,2002,61.200001,Female,Units,%,Reported,Free,End of fieldwork,15 to 24 years old
Zambia,ZM,ZMB,894,Per cent of young people (aged 15-24 years) who know a place to get tested for HIV,2007,82.900002,Female,Units,%,Reported,Free,End of fieldwork,15 to 24 years old
Zambia,ZM,ZMB,894,Per cent of young people (aged 15-24 years) who know a place to get tested for HIV,2014,93.699997,Female,Units,%,Reported,Free,End of fieldwork,15 to 24 years old
Zambia,ZM,ZMB,894,Per cent of young people (aged 15-24 years) who know a place to get tested for HIV,2018,93.199997,Female,Units,%,Reported,Free,End of fieldwork,15 to 24 years old
Zambia,ZM,ZMB,894,Per cent of young people (aged 15-24 years) who know a place to get tested for HIV,2002,62.5,Male,Units,%,Reported,Free,End of fieldwork,15 to 24 years old
Zambia,ZM,ZMB,894,Per cent of young people (aged 15-24 years) who know a place to get tested for HIV,2007,81.599998,Male,Units,%,Reported,Free,End of fieldwork,15 to 24 years old
Zambia,ZM,ZMB,894,Per cent of young people (aged 15-24 years) who know a place to get tested for HIV,2014,92.300003,Male,Units,%,Reported,Free,End of fieldwork,15 to 24 years old
Zambia,ZM,ZMB,894,Per cent of young people (aged 15-24 years) who know a place to get tested for HIV,2018,92.099998,Male,Units,%,Reported,Free,End of fieldwork,15 to 24 years old
Zimbabwe,ZW,ZWE,716,Per cent of young people (aged 15-24 years) who know a place to get tested for HIV,2006,72.599998,Female,Units,%,Reported,Free,End of fieldwork,15 to 24 years old
Zimbabwe,ZW,ZWE,716,Per cent of young people (aged 15-24 years) who know a place to get tested for HIV,2011,85,Female,Units,%,Reported,Free,End of fieldwork,15 to 24 years old
Zimbabwe,ZW,ZWE,716,Per cent of young people (aged 15-24 years) who know a place to get tested for HIV,2015,90.199997,Female,Units,%,Reported,Free,End of fieldwork,15 to 24 years old
Zimbabwe,ZW,ZWE,716,Per cent of young people (aged 15-24 years) who know a place to get tested for HIV,2006,68.900002,Male,Units,%,Reported,Free,End of fieldwork,15 to 24 years old
Zimbabwe,ZW,ZWE,716,Per cent of young people (aged 15-24 years) who know a place to get tested for HIV,2011,80.099998,Male,Units,%,Reported,Free,End of fieldwork,15 to 24 years old
Zimbabwe,ZW,ZWE,716,Per cent of young people (aged 15-24 years) who know a place to get tested for HIV,2015,90.599998,Male,Units,%,Reported,Free,End of fieldwork,15 to 24 years old